Bulunduğu semt,Toplama alanının ismi,Telefon numarası,Konum Bilgisi,Müsaitlik Durumu,Müsaitlik Durumu Güncelleme Tarihi,Gereken Yardım Türü
Adalar Belediyesi,Adalar Belediyesi Alt Kat Toplantı Salonu,(0216) 382 33 82,https://goo.gl/maps/Zf7484bMAHNyzVQo9,,,
Alibeyköy/Eyüp,Hasan Hüseyin Korkmazgil Kütüphanesi,0212 249 95 65,https://goo.gl/maps/UjSjYFshjkqQy4daA,,,
Arnavutköy,Arnavutköy Yaşam Merkezi,,https://goo.gl/maps/EZKKUrxqjHHDVKr16,,,
Arnavutköy,Rıfat Ilgaz Kütüphanesi,2122490945,https://goo.gl/maps/rhcq1QE5hBhafUFq5,,,
Arnavutköy,İBB Cemil Meriç Kütüphanesi,0212 249 09 45,https://goo.gl/maps/ASYsJAUhsk43pxvx8,,,
Arnavutköy,Arnavutköy İSADEM,0212 449 93 22,https://goo.gl/maps/U7fZJKgS9QGgAtM59,,,
Arnavutköy,Arnavutköy Sosyal Hizmet Merkezi,,https://goo.gl/maps/ECPHm8wLDpwtCkoF6,,,
Arnavutköy Belediyesi,ASYAM Taşoluk Binası,(0212) 682 18 13,https://goo.gl/maps/KKDptBEqmLjE5gSu9,,,
Ataköy / Bakırköy,Bakırköy Sanatçılar Parkı,(544) 356-7650,https://maps.app.goo.gl/TYGX3mqn67fx5cKc8,DOLU,,
Ataköy / Bakırköy,Emlak Kredi Ortaokulu,(0212) 559 39 21,https://goo.gl/maps/Jat3TRCq1YoKc1LN6,TAŞIMA İÇİN YARDIMA İHTİYAÇ VAR,,
Ataşehir,Zübeyde Hanım Öğretmen Evi (Eğitim ve Kültür Evi),(0216) 577 10 51,https://goo.gl/maps/x6z6E1Fr2ne6TMsN7,DOLU,,
Ataşehir,Ataşehir Kaymakamlık,(0216) 577 51 10,https://goo.gl/maps/eh493KZx11C68Vau9,DOLU,,
Ataşehir,Ataşehir AKOM,(0216) 570 50 00,https://goo.gl/maps/cFCwtCpXL4ja1oFJ6,KOLİLEMELER İÇİN DESTEK GEREKMEKTEDİR,,Koli ihtiyacı var
Ataşehir,Taç Spor,(0216) 576 90 50,https://goo.gl/maps/SzeDngjRCSN6t1pN6,DOLU,,
Ataşehir,NOVADA AVM Cemal Süreyya Gösteri Merkezi,(0216) 570 50 00,https://goo.gl/maps/BiiFPnJ77RobmdwC6,9 ŞUBAT 22.00 İTİBARİYLE İHTİYAÇ VAR,,
Ataşehir,Ataşehir Lösev İstanbul İrtibat Bürosu,0212 268 68 68,https://goo.gl/maps/jidswH8PnBGJyqdm6,KAPALI,,"Gıda, Hijyen, Kıyafet"
Ataşehir,Ferhatpaşa Taziye Evi,0216 570 50 00,https://goo.gl/maps/L1eugLb2MvKnwTLaA,9 ŞUBAT 22.00 İTİBARİYLE İHTİYAÇ VAR,,
Ataşehir,İçerenköy Neşet Ertaş Kültür Evi,(0216) 570 50 00,https://goo.gl/maps/VsLEkTJfXYDpVwCS9,9 ŞUBAT 22.00 İTİBARİYLE İHTİYAÇ VAR,,
Ataşehir,30 Ağustos Emekli Kültür Evi,,,9 ŞUBAT 22.00 İTİBARİYLE İHTİYAÇ VAR,,
Ataşehir,İBB Deprem Parkı (Deniz Gezmiş Parkı),(0216) 570 50 00,https://goo.gl/maps/zWWDSYh49gkHJfCg7,9 ŞUBAT 22.00 İTİBARİYLE İHTİYAÇ VAR,,
Ataşehir,Fenerbahçe Üniversitesi,(0216) 910 19 07,https://goo.gl/maps/44f2au98X6j1UGRcA,,,
Ataşehir,Metropol DasDas,(0216) 970 03 27,https://goo.gl/maps/AG1mtVHjGtdYgs378,AKŞAMA KADAR DOLU,,
Ataşehir,Barbaros Kapalı Pazar Yeri,,https://maps.app.goo.gl/1xMSnZBbGNPMvDNb7,9 ŞUBAT 12.00DE TIR GELECEK DESTEK GEREKMEKTEDİR,,
Ataşehir,Yeditepe Üniversitesi,0 554 695 46 36,https://goo.gl/maps/5vgb6dLs3GG8FXYb9,ŞU ANDAN İTİBAREN YARDIM KABUL EDILMIYOR,,
Ataşehir, Cemile Besler İlkokulu,0 551 019 47 67,https://goo.gl/maps/ZdM7rqLYJ5PfMbwr6,DOLU,,
Ataşehir,Cemile Besler İlkokulu,(0216) 455 58 40,https://goo.gl/maps/XX1K3FNsT5nnVuCT9,,,
Ataşehir,Ataşehir Esatpaşa ÇEM,ALO 153,https://goo.gl/maps/7RsXDqWXeSiKzp4L6,,,
Ataşehir,Ataşehir Sosyal Hizmet Merkezi,2165775743,https://goo.gl/maps/Y1xM3tqPwWz1HRRU8,,,
Avcilar,Fakir Baykurt Kütüphanesi,,https://goo.gl/maps/JYhDnGhpPt8ez2Eg9,,,
Avcilar,Avcılar İSADEM,,https://goo.gl/maps/JzjqMgrcfE2pCA7F9,,,
Avcilar-Firuzköy,Sabahattin Eyüboğlu Kütüphanesi,0212 249 09 45,https://goo.gl/maps/tq6EzyuiqVHk27nc9,İHTİYAÇ YOK,,
Avcılar,Firuzköy Atatürk Stadı,(0212) 428 44 85,https://goo.gl/maps/uQuauf7mP1BZ9jeN8,,,
Avcılar,Ambarlı,-,https://goo.gl/maps/GzfL4H3EgXa5Nz4s7,,,
Avcılar,Sabancı 50.Yıl Anadolu Lisesi,(0212) 593 24 64,https://goo.gl/maps/WgSk5DEW2Ys1bPdG6,,,
Bağcilar,Nasrettin Hoca Kütüphanesi,2124353614,https://goo.gl/maps/fTtg2A9j2JupoShu8,,,
Bağcilar,Bağcılar İSADEM,0212) 455 32 79,https://goo.gl/maps/dnrvaLryqknFiH9y8,,,
Bağcılar,Bağcılar Sosyal Hizmet Noktası,(0212) 489 09 41,https://goo.gl/maps/Zi5DpWjTY4CqTqBGA,,,
Bağcılar,Sabahattin Zaim İmam Hatip Ortaokulu Spor Salonu,,https://goo.gl/maps/zVWrWCx5hRt2nswk8,İHTİYAÇ YOK,,
Bağcılar,Osmanlı Arşivi,2123149000,https://goo.gl/maps/Z29ujAvWBDTpg6Za9,09.02.23 10.00'DA AÇILACAK,,
Bağcılar,Bağcılar Sosyal Hizmet Noktası,2124890941,https://goo.gl/maps/ouc7rjwWya3SDGua7,,,
Bağcılar ,Bağcılar Belediyesi Kültür Merkezi,(0212) 435 64 60,https://goo.gl/maps/3rVeiCqsSpivMmca7,,,
Bahçelievler,Bahçelievler Belediyesi Kongre ve Nikah Sarayı Kapalı Otoparkı,444 0 311,https://goo.gl/maps/AZbiaFTobjWRbKe47,,,
Bahçelievler,Erkan Avcı Meslek Lisesi,2124414221,https://goo.gl/maps/Zzu3x19UgJA7JFQo8,İHTİYAÇ VAR,,
Bahçelievler,Zafer Mahalle Evi,0212 449 74 33,https://goo.gl/maps/u5PbcjAeh2Bf7WRH6,İHTİYAÇ YOK,,
Bahçelievler,Kumport Ortaokulu,(0212) 442 24 05,https://goo.gl/maps/5nDKenVaJi5SkxwH8,,,
Bahçelievler,Hasan Doğan Spor Kompleksi,2124742583,https://goo.gl/maps/DgP7EVH4PwCx26ps9,TAŞIMA İÇİN YARDIMA İHTİYAÇ VAR,,
Bahçelievler,Bahçelievler İSADEM,,https://goo.gl/maps/XF4nEAntR8mRQLYD8,,,
Bahçelievler,Zafer Mahalle Evi,,,,,
Bahçelievler,Bahçelievler Sosyal Hizmet Noktası,2124416701,https://goo.gl/maps/osMETeqVapqJH56J9,,,
Bahçeşehir,Galleria AVM,,https://goo.gl/maps/aXkzF9vUvBXoozto8,Saat 21 e kadar yükleme işlemleri kademi olarak yapılacaktır. ,,
Bakirköy,Bakırköy Cem Karaca Kültür Merkezi,2123126366,https://goo.gl/maps/cEZ2KuvqWZgwy5C17,,,
Bakirköy,Bakırköy İSADEM,,https://goo.gl/maps/qBuChua5j6WEZjA58,,,
Bakırköy,Atatürk Spor ve Yaşam Köyü Kapalı Spor Salonu,(0212) 414 96 32,https://goo.gl/maps/LEUS9ZnqyQpMXu2z9,DOLU,,
Bakırköy,Gençlik ve Spor İlçe Müdürlüğü,,https://goo.gl/maps/2MSj9Kuo9XpjhKWt5,YARDIMA İHTİYAÇ VAR (Malzeme toplama yapılıyor),,
Bakırköy,Şenlikköy İlköğretim Okulu,(0212) 663 50 07,https://goo.gl/maps/P5WcnrCHGP3CWGuFA,,,
Bakırköy,İstanbul Büyükşehir Belediyesi Kadın Koordinasyon Merkezi,4440093,https://goo.gl/maps/d6JGyb6Rfun1ygaTA,,,
Başakşehir,Başakşehir Sosyal Hizmet Merkezi,(0212) 687 10 42,https://goo.gl/maps/ubVPqqwmpxJBDk9WA,DOLU,,
Başakşehir,başakpazar fuar ve sergi alanı,444 0 669,https://maps.app.goo.gl/Ae6b9aAF4RTxm4MKA?g_st=ic,8 ŞUBAT 09.00-21.00 ARASI YARDIM (BEBEK MAMASI VE BEZ LAZIM),,
Başakşehir,kayaşehir fuar ve sergi alanı,444 0 669,https://maps.app.goo.gl/diLZrsU4e6ykrh1m8?g_st=ic,DOLU,,
Başakşehir,Pazartürk fuar ve sergi alanı,444 0 69,https://maps.app.goo.gl/jZzUAdrHkUweShg16?g_st=ic,21 e kadar tır yüklemeleri kademeli olarak yapılıcaktır. ,,
Başakşehir,Kızılay Başakşehir,(0212) 487 00 30,https://goo.gl/maps/ztCHVCVuxCSo2Mka8,DOLU,,
Başakşehir,Fahredin Paşa Camii,,,14.00'TE BAŞLAYACAK,,
Başakşehir,Başakşehir Kültür Merkezi,2124862973,https://goo.gl/maps/xQYdCorHQXa77JNJ8,,,
Başakşehir,Rasim Özdenören Kütüphanesi,2124862971,https://goo.gl/maps/sBsuqBktWpExHSG26,,,
Başakşehir,Sabahattin Ali Kütüphanesi,0212 249 09 45,https://goo.gl/maps/r81TDph9iQWFo5RJ6,,,
Başakşehir,Başakşehir Sular Vadisi ÇEM,ALO 153,https://goo.gl/maps/EujwzYbJSWgm9ScP8,,,
Başakşehir,Başakşehir İSADEM,0212 449 75 45,https://goo.gl/maps/cSGv5kxTdkE3WNEGA,,,
Başakşehir,Başakşehir Sosyal Hizmet Merkezi,2126871042,https://g.page/ISADEM?share,,,
Başakşehir,Başakşehir Sular Vadisi Çem,153 aranarak ulaşılır,https://goo.gl/maps/is6gn2E7zJiBYQyH9,DOLU,,
Bayrampaşa,İsmetpaşa Mahalle Evi,-,https://goo.gl/maps/gsos9jXUYsKSLTZf8,,,
Bayrampaşa,Bayrampaşa semih erden spor kompleksi,,,,,
Bayrampaşa,Suat Derviş Kütüphanesi,0212 249 95 65,https://goo.gl/maps/9s6XNgRq96BXvSnN6,,,
Bayrampaşa,Samiha Ayverdi Kütüphanesi,0212 249 09 45,https://goo.gl/maps/d2eDcDdMTdjYv3TGA,,,
Bayrampaşa,Bayrampaşa İSADEM,,https://goo.gl/maps/v8FcESUocNzN5nwJ6,,,
Bayrampaşa,İsmetpaşa Mahalle Evi,,https://goo.gl/maps/GX8q1E5iDjxe7QjQ9,,,
Bayrampaşa,Halk Süt Deposu,,https://goo.gl/maps/CdpYUKLwY6Ry76Na9,,,
Beşiktaş,Zübeyde Ana Kültür ve Sanat Merkezi,0212 325 73 71,https://goo.gl/maps/HTDvtRzvBz7FvSwN7,BİTTİ,,
Beşiktaş,Süleyman Seba Kültür ve Sanat Merkezi,(0212) 215 60 29,https://goo.gl/maps/xqfqRqWN5gZLJdKWA,DOLU(13-15 ARASI İHTİYAÇ OLUYOR),,
Beşiktaş,Beşiktaş Vodafone Park Stadyumu,(0212) 948 19 03,https://goo.gl/maps/14RVFEunhdiK57kw7,DOLU,,
Beşiktaş,Mustafa Kemal Kültür Merkezi,0212 351 24 56,https://www.google.com/maps/pla,ACİL İNSAN GÜCÜ LAZIM PAKETLEME,,
Beşiktaş,Etiler Anadolu Lisesi,2123514100,https://goo.gl/maps/Ty8oEmnTapB2DBN98,,,
Beykoz,Anadolu Hisarı Ortaokulu,(0216) 332 02 59,https://goo.gl/maps/J2ZUoLET1kkNSBAR7,DOLU,,
Beykoz,Beykoz Çubuklu Atatürk Ortaokulu,(0216) 322 54 14,https://goo.gl/maps/fPpmZu8iwoAkf2ir7,,,
Beykoz,Kavacık Celal Aras Anadolu Lisesi,,https://goo.gl/maps/3M9vTEkDQXWE9Mid6,YARDIMA İHTİYAÇ BULUNMAKTADIR,,
Beykoz,Medipol Üniversitesi Güney Kampüsü,4448544,https://goo.gl/maps/tyn5KMSb755bdruV6,,,
Beykoz,Feza Gürsey Kütüphanesi,0212 249 09 45,https://goo.gl/maps/PnKZBrARfeQsP4TX6,,,
Beylikdüzü,İBB Beylikdüzü Kavaklı Çocuk Eğitim Merkezi,153 aranarak ulaşılır,https://goo.gl/maps/Fms1BSkvAyTyj3b2A,,,
Beylikdüzü,Beylikdüzü Pazar alanı (pazar istanbul),,https://maps.app.goo.gl/FqTkz87M,9 ŞUBAT 00.20 İTİBARİYLE KAPANDI,,https://chat.whatsapp.com/JZtiaV4IsFhFsWYQ37L802 (Beylikdüzü Deprem Gönüllüleri WP Grubu)
Beylikdüzü,Vali Muammer Güler Sosyal Bilimler Lisesi,(0212) 872 44 84,https://www.google.com/maps?q=Vali+Muammer+G%C3%BCler+,,,
Beylikdüzü,Beylikdüzü Kavaklı ÇEM,ALO 153,https://goo.gl/maps/TYoWC8emxdsxvu7X7,,,
Beylikdüzü,Su Ürünleri Hali,2128676400,https://goo.gl/maps/6ENfuREJWS6bgJYAA,,,
Beyoğlu,Hasköy Kültür ve Sanat Evi,0 (534) 768 17 77,https://goo.gl/maps/FbtgX6tzRAY7KCxd6,,,
Beyoğlu,Örnektepe Mahalle Evi,0212 449 74 38,https://goo.gl/maps/Ey4y9oTZMPWZn4W8A,,,
Beyoğlu,Örnektepe Mahalle Evi,,,,,
Beyoğlu,Beyoğlu Kasımpaşa Sosyal Hizmet Merkezi,2122973926,https://goo.gl/maps/Vq3upLfoJZYWns9t9,,,
Büyükçekmece,Büyükçekmece Atatürk Kültür Merkezi,(0212) 883 00 41,https://goo.gl/maps/DP5FFMQ7bwh7G3GT8,,,
Büyükçekmece,Büyükçekmece Tepecik Çem,153 aranarak ulaşılır,https://goo.gl/maps/Pyi21k1Ag4Abr9UW6,,,
Büyükçekmece,Büyükçekmece Tepecik ÇEM,ALO 153,"Ulus mahallesi, İdare sokak, No:6 Tepecik/Büyükçekmece-İSTANBUL",,,
Büyükçekmece,Büyükçekmece Sosyal Hizmet Merkezi,,https://goo.gl/maps/E6ZM6auwNEi6XfJm9,,,
Çamlıca,Eyüboğlu İlk ve ortaokulu,,https://goo.gl/maps/pMf1p1qVYLY4qWc17,malzeme eksiği var yaşlı bezi ve cep ısıtıcı (iş gücüne ihtiyaçları yok(,,
Çatalca,Çatalca Kaleiçi Mah. Çem,153 aranarak ulaşılır.,https://goo.gl/maps/79p3GgwzFwUWt44e8,,,
Çatalca,Çatalca Kaleiçi Mahallesi ÇEM,ALO 153,https://goo.gl/maps/uxuQJzA6VeXKAtJd6,,,
Çekmeköy,Çekmeköy Kapalı Pazar Yeri,-,https://goo.gl/maps/Qn5uRDZWNKeuR8pd7,DOLU,,
Çekmeköy,Fatma Aliye Kütüphanesi,2165865628,https://goo.gl/maps/Dmj66A3beUPuAEq27,,,
Çekmeköy,Çekmeköy İSADEM,,https://goo.gl/maps/CzVrcrsqMv29CVkz8,,,
Çekmeköy,Çekpa,2165041187,https://goo.gl/maps/fMwsMqTBjg3KDimt6,ÇALIŞMALAR TAMAMLANDI ,,
Edirnekapı,Edirnekapı Sosyal Hizmetler Şubesi Müdürlüğü,,https://goo.gl/maps/b2G2x7Mp159Ca94E7,,,
Elmadağ/Taksim,İBB Sevgi Soysal Kütüphanesi,0212 249 09 45,https://goo.gl/maps/K7kCQH4xxB73FsLB8,,,
Esenler,Tekstilkent,,"Oruçreis Mahallesi,  Tekstilkent ticaret merkezi, No:10-T İşhanı blok Kat:1 D:119, 34235 Esenler/İstanbul",12.00-22.00,,
Esenler,Esenler Adem Baştürk Kültür Merkezi,2125694932,https://goo.gl/maps/5UrT5UbzsphaLxwx6,,,
Esenler,Barış Manço Kütüphanesi,2124303023,https://goo.gl/maps/SrZD15QMzwhRe5cb8,,,
Esenler,Evliya Çelebi Kütüphanesi,,https://goo.gl/maps/xwGghQPDzZKVnuin8,,,
Esenler,Esenler İSADEM,,https://goo.gl/maps/KZpg3eUtJDV7ttyK9,,,
Esenyurt,Gülten Akın Kütüphanesi,0212 249 95 65,https://goo.gl/maps/2uiaQeUVM47K6aY49,,,
Esenyurt,İsmail Hakkı Tonguç Kütüphanesi,(0232) 322 17 29,https://goo.gl/maps/zJsRWo666tWcnyob9,,,
Esenyurt,Esenyurt İSADEM,,,,,
Esenyurt,Esenyurt Sosyal Hizmet Merkezi,2124500637,https://goo.gl/maps/77p9H4bK74uoH7ge8,,,
Eyüp,Idari Bina,,https://goo.gl/maps/M9g4nBNVQaY1xFHx9,,,
Eyüp,Bilgi Üniversitesi,,,9 ŞUBAT SAAT 10.00 İTİBARİYLE YARDIM LAZIM,,
Eyüpsultan,Eyüpsultan Sosyal Hizmet Noktası,(0212) 627 50 83,https://goo.gl/maps/2DiLZDGBNAiTm1mN9,,,
Eyüpsultan,Mustafa Kemal Bulvari White Hill,,https://www.google.com/maps/pla,KOLİ VE PAKETLEME YARDIMI LAZIM,,
Eyüpsultan,Eyüpsultan Kütüphanesi,2124173396,https://goo.gl/maps/cEzsrjNXGynKxtKX7,,,
Eyüpsultan,Erdem Beyazıt Kütüphanesi,2126257319,https://goo.gl/maps/ExbT69d5wFVFobvE7,,,
Eyüpsultan,Eyüpsultan İSADEM,,https://goo.gl/maps/7SKQVxjiPpuUFJWc7,,,
Eyüpsultan,Eyüpsultan Sosyal Hizmet Noktası,2124401546,https://goo.gl/maps/rJepZpkbLxqgRW6P9,,,
Fatih,Sulukule Mahalle EVi,(0212) 449 74 39,https://goo.gl/maps/y7yX9F8hRgZV1CdM6,,,
Fatih,Cibali Mahalle Evi,0212 312 61 00,https://goo.gl/maps/zHKJCERWpgc9chgX6,,,
Fatih,Kadir Has Üniversitesi Haydarpaşa,(0212) 533 65 32,https://goo.gl/maps/SS7tP2pTqQ3HVe4w9,,,
Fatih,Alparslan Mesleki Teknik Anadolu Lisesi,507 742 4186 Ekrem BULUT,https://goo.gl/maps/7mFvK6ayKQ9bYmr87,,,
Fatih,Fatih Ali Emiri Efendi Kültür Merkezi,2123126350,https://goo.gl/maps/YYoiTd2XYavRLnbQ6,,,
Fatih,Ahmet Kabaklı Kütüphanesi,2125215584,https://goo.gl/maps/scLtqXjrDabJaD5A7,,,
Fatih,Ayşe Hatun Kütüphanesi,,https://goo.gl/maps/ko2rob4pGuQTVu7W8,,,
Fatih,Kütüphane Troleybüs,,https://goo.gl/maps/N6iNaA2ADqUtizh48,,,
Fatih,Fatih İSADEM,,https://goo.gl/maps/NmqpFfaRoEsu9t1XA,,,
Fatih,Sulukule Mahalle Evi,,https://goo.gl/maps/7dQYP6D1SkSaJbey6,,,
Fatih,Cibali Mahalle Evi,,https://goo.gl/maps/v1Dhj7pH8KAoHh5h8,,,
Fatih,Göç Ve Uyum Birimi,,https://goo.gl/maps/arvYpDYhkQHYy85F7,,,
Gaziosmanpaşa,Gaziosmanpaşa Sosyal Hizmet Merkezi,(0212) 578 18 32,https://goo.gl/maps/dScu89m62EzmvQ1QA,DOLU,,
Gaziosmanpaşa,Gaziosmanpaşa İSADEM,2124793519,https://goo.gl/maps/eBAt4hjzUi86MoFg7,,,
Gaziosmanpaşa,Gaziosmanpaşa Sosyal Hizmet Merkezi,2125781832,https://goo.gl/maps/4bRMCv2cmeiJ4GW48,,,
Güngören,Köyiçi Spor Kompleksi Otoparkı,(0212) 556 72 43,https://goo.gl/maps/aVLjVSdMpTSmSEED9,,,
Güngören,Güngören Sosyal Hizmet Noktası,(0212) 611 42 47,https://goo.gl/maps/srBCRpKwuDsVQ5Mm9,,,
Güngören,Güngören Erdem Beyazıt Kültür Merkezi,2123126351,https://goo.gl/maps/fE4xrYLDwmWxk8PfA,,,
Güngören,Osman Nuri Ergin Kütüphanesi,2125625087,https://goo.gl/maps/nZQh7oesaaxjs5n56,,,
Güngören,Sezai Karakoç Kütüphanesi,2122499565,https://goo.gl/maps/qXiW59rsheE2UuNE7,,,
Güngören,Güngören İSADEM,2124499082,https://goo.gl/maps/wusbUCqWbq1Fybpb7,,,
Güngören,Güngören Sosyal Hizmet Noktası,2126114247,https://goo.gl/maps/cpMwLZSpikmtisbJ7,,,
Kadiköy,Afife Batur Kütüphanesi,2165865710,https://goo.gl/maps/wvJVi7YyGDTtdHFTA,,,
Kadiköy,Moda İskelesi Kütüphanesi,0212 249 09 45,https://goo.gl/maps/D6zhQVg25ThZKCw97,,,
Kadıköy,50. Yıl Tahran Anadolu Lisesi,(0216) 358 67 52,https://maps.app.goo.gl/UH2zxs1YCoF5dxSJ9,09.02 08:00'A KADAR İHTİYAÇ YOK,08.02.23 21:00,İş gücü
Kadıköy,Fenerbahçe Şükrü Saraçoğlu Stadı,(0216) 542 19 07,https://goo.gl/maps/zVY83WH27BUcfwm36,DOLU,,
Kadıköy,Kadıköy Evlendirme dairesi,(0216) 542 50 02,https://goo.gl/maps/uPDRBqPiaRnZHmhC9,TASNİF İÇİN YARDIM İHTİYACI YOK (POŞET LAZIM),,
Kadıköy,Kadıköy Belediye Binası (evlendirme dairesinden farklı),444 55 22,https://goo.gl/maps/E4uZuTZFJoWKP7AZ7,GARAJDA İNSAN GÜCÜNE İHTİYAÇ VAR,,
Kadıköy,Bağdat Caddesi İstanbul İl Tarım ve Orman Müdürlüğü,(0216) 468 21 00,https://goo.gl/maps/HS6EiXzDzsYsfq9J6,BU GECE İHTİYAÇ YOK,,
Kadıköy,Marmara Üniversitesi,(0216) 777 07 77,https://goo.gl/maps/o8PRaGZzzDS2MfcQA,8 ŞUBAT GECESİ İHTİYAÇLAR KARŞILANDI TEŞEKKÜRLER,,
Kağıthane,Sanayi Mahallesi Merkez Cami,,https://goo.gl/maps/wk9HU34wX3b3YBbb7,,,
Kartal,Kartal Ekoloji Pazarı,444 4 578,https://maps.app.goo.gl/uGTgHnXmmrcfFg6J6,İNSAN GÜCÜNE İHTİYAÇ YOK,,
Kartal,Halil İnalcık Kütüphanesi ,(0216) 586 57 44,https://goo.gl/maps/QmUocUiGLnpQQBTQ8,,,
Kartal,Kartal Umut Hastahanesi,(0216) 911 91 91,https://goo.gl/maps/sBrueMDd5oMSoLSb8,,,
Kartal,Emine Hasan Aytaçman İlkokulu,(0216) 374 38 51,https://goo.gl/maps/515juf6GHbW15hCP9,,,
Kartal,Borsa İstanbul İmam Hatip Ortaokulu,(0216) 488 49 64,https://goo.gl/maps/cbPYiTcMjEHpVoAY8,,,
Kartal,Bülent Ecevit Kültür Merkezi,(0216) 586 57 40,https://goo.gl/maps/djZBXMgYTuwTkpLf8,İHTİYAÇ BULUNMAKTADIR,,
Kartal,Süleyman Demirel Anadolu Lisesi,(0216) 306 54 54,,,,
Kartal,Soğanlık Hasan Ferruh Özgen Anadolu Lisesi,(0216) 451 67 04,https://goo.gl/maps/jbg3ppxbELLeurhf6,9 ŞUBAT İTİBARİYLE İHTİYAÇ VAR,,
Kartal,İBB Kartal Lojistik Merkezi,0 (212) 600 95 00,https://goo.gl/maps/8RNhS8FaKVwdGFoBA,7/24 AÇIK,,
Kartal,İstek Uluğbey İÖO,,https://goo.gl/maps/x7mQsVcDL7QWNsBQA,KOLİLEME BİTTİ,,
Kartal,Prof. Dr. Halil İnalcık Kütüphanesi,(0216) 586 57 44,https://goo.gl/maps/38jccJHh5Bti1ZUo7,8 ŞUBAT ÖĞLEN DESTEK İHTİYACI BULUNMAKTA,,
Kartal,Halil İnalcık Kütüphanesi,2165865744,https://goo.gl/maps/XwDKEEiZkS3H8GmC9,,,
Kartal,Muallim Cevdet Kütüphanesi,2165172298,https://goo.gl/maps/mNZzyykhEvu2snAZ8,,,
Kartal,Kartal İSADEM,2125132462,https://goo.gl/maps/TUMGNVsr1zUtHmqk7,,,
Kartal,Kartal Sosyal Hizmet Merkezi,,https://goo.gl/maps/iwFCxQnbzcEUF5T89,,,
Kasimpaşa,Peyami Safa Kütüphanesi,3587229498,https://goo.gl/maps/pi1SV1274REUgdN38,,,
Küçükçekmece,Toki Güneşparkevleri Kız Anadolu İmam Hatip Lisesi,(0212) 470 54 57,https://goo.gl/maps/6sLSF5Ux1RqARjgG8,,,
Küçükçekmece,Küçükçekmece Sosyal Hizmet Merkezi,(0212) 823 34 35,https://goo.gl/maps/2d7oifaykFHFfeNv9,,,
Küçükçekmece,Yahya Kemal Beyatlı Gösteri Merkezi,(0212) 411 08 82,https://goo.gl/maps/V2WZ55oEhCLpXULc9,İHTİYAÇ BULUNMAKTADIR,,
Küçükçekmece,Metin And Kütüphanesi,2125807010,https://goo.gl/maps/7SqvqjUmRe7F6vtw8,,,
Küçükçekmece,Attila İlhan Kütüphanesi,0212 249 09 45,https://goo.gl/maps/zupgZfHPzfmaFHuR8,,,
Küçükçekmece,Küçükçekmece İSADEM,,https://goo.gl/maps/fUH2PrUAgkNf4v5D9,,,
Küçükçekmece,Küçükçekmece Sosyal Hizmet Merkezi,,https://goo.gl/maps/1McdZh6otjKa7rEDA,,,
Küçükçekmece,Arif NihatAsya İlkokulu,2163286077,https://goo.gl/maps/ybjE8ss8RfxNwZD77,İHTİYAÇ VAR,,
Maltepe,Maltepe Yalçın Kızılay Spor Kompleksi,(0216) 305 73 62,https://goo.gl/maps/qPYt6Qtt1NcQa3Xw9,9 ŞUBAT SABAH ÖĞLEN YARDIM LAZIM,,
Maltepe,Prof. Dr. Türkan Saylan Kültür Merkezi, (0216) 589 36 00,https://maps.app.goo.gl/tzaD822bRVwuP23k7,,,
Maltepe,Şehit Sevgi Yeşilyurt İmam Hatip Ortaokulu,(0216) 459 62 63,https://goo.gl/maps/PHo1bRPkGPgSnJqaA,,,
Maltepe,Müzahir Sille Kompleksi,(0216) 367 42 33,https://goo.gl/maps/pFvAn83nNCQwfv6FA,,,
Maltepe,Maltepe İlçe Spor Salonu,0552 586 15 12,https://goo.gl/maps/amNpxevYdrd6DWAu9,SABAH 6 GİBİ TIR GELECEK TAŞIYACAK KİŞİ LAZIM,,
Maltepe,Muzaffer İzgü Kütüphanesi,0212 249 09 45,https://goo.gl/maps/yzUGhBLnw4m316kV9,,,
Maltepe,Maltepe Üniversitesi Diş Hekimliği Fakültesi,216 7775000,https://goo.gl/maps/Hp7BDtr31d1eQt3DA,KOLİ YARDIMI LAZIM ,,
Maltepe ,Maltepe Kız Anadolu İmam Hatip Lisesi,(0216) 441 22 25,https://maps.app.goo.gl/fXBpmixfqpxzvWjz5,,,
Maltepe ,Mahir Okulları,0532 272 83 15,https://goo.gl/maps/YDzmoToGnPhepzEh6,,,
Mustafa Kemal Kültür Merkezi (MKM),Bahçeşehir Üniversitesi,2123810000,https://goo.gl/maps/exKtUcMSpRVyLC787,İHTİYAÇ BULUNMAKTADIR,,
Pendik,Şehit Yalçın Aran Spor Kompleksi,444 81 80,https://goo.gl/maps/9sAbsxVJx43vF2vR7,,,
Pendik,Kurtköy Sülüntepe Spor Kompleksi,444 81 80,https://goo.gl/maps/pFL7zXbQqNwCh55p7,,,
Pendik,İBB Kurtköy Spor Kompleksi,(0216) 586 57 29,https://goo.gl/maps/EcF7AqtVq5kYUq8KA,,,
Pendik,Esenyalı Kadın Dayanışma Dernegi,-,https://goo.gl/maps/rrhDgibCoToXg5oL9,,,
Pendik,Pendik Kılıçarslan Ortaokulu,(0216) 375 38 26,https://goo.gl/maps/Ci6awF5LLb793FmbA,9 ŞUBAT SABAH TIRA KOLİ YÜKLEMEK İÇİN YARDIMA İHTİYAÇ VAR,,
Pendik,Hasan İzzettin Dinamo Kütüphanesi,0212 249 95 65,https://goo.gl/maps/teauib9RuybTg5bg9,İHTİYAÇ YOK,,
Pendik,Pendik İSADEM,2163907139,https://goo.gl/maps/kPNK5y6HR1wU4oJd9,,,
Pendik,Pendik Sosyal Hizmet Merkezi,2165061008,https://goo.gl/maps/mhw2LkyxaHBVA3BN6,,,
Sancaktepe,Necmettin Erbakan Külliyesi,(0216) 561 20 42,https://goo.gl/maps/d9dygRuTwQcFyu5T8,KOLİ TAŞINMASI ADINA İHTİYACI VAR,,
Sancaktepe,Sancaktepe Eyüpsultan Kültür Merkezi,216 5865738,https://goo.gl/maps/SUvXiLZ4reLTQiEu9,,,
Sancaktepe,Sancaktepe İSADEM,2165865514,https://goo.gl/maps/pGxsL9itR143bi5H9,,,
Sancaktepe,Halk Süt Deposu-Eşya Desteği,,https://goo.gl/maps/aXESgTs3rZ2c9BCB8,,,
Sancaktepe,Mustafa Öncel Spor Kompleksi,0 216 498 73 48,https://goo.gl/maps/TSgmwDHtUoe35K1x5,,,
Sancaktepe - Sarigazi,Yaşar Kemal Kütüphanesi,0216 586 57 77,https://goo.gl/maps/tq6EzyuiqVHk27nc9,,,
Sarıyer,Sarıyer Belediyesi,444 1 722,https://goo.gl/maps/vUgzJN5oApRM7PaB6,Yiyicek ihtiyacı bulunmaktadır ,,
Sarıyer,Galatasaray NEF Stadyumu,(0212) 305 19 05,https://goo.gl/maps/MiAbV4MGcsqCuFYe7,DIŞARIDAN GİRİŞ YASAK,,
Şile,Şile Kültür Merkezi,216 5865735,https://goo.gl/maps/nQno39ZpmoKjAGK86,,,
Silivri,Silivri Selimpaşa Çem,,,,,
Silivri,Silivri Selimpaşa ÇEM,ALO 153,Selimpaşa mahallesi 2090 Sok. kapı No:1/2 Silivri/İST.,,,
Şişli,Şişli Belediye Binası,444 31 12,https://goo.gl/maps/twkV9s7xeob4,İHTİYAÇ VAR 7/24 AÇIK,,
Şişli,Şişli Atatürk Ortaokulu,(0212) 222 84 40,https://goo.gl/maps/2oHnw9D4nCtVBdct7,YARDIM LAZIM,,
Şişli,Profilo Alışveriş Merkezi,0212 216 44 00,https://www.google.com/maps?q,DOLU,,
Şişli,Şehit Murat Demirci Ortaokulu,,,YARDIM LAZIM DEĞİL,,
Şişli,Habitat Yaşam Merkezi Kütüphanesi,0212 249 95 65,https://goo.gl/maps/d8itZiDorjzhQMyd7,,,
Şişli,Atatürk Müzesi Kütüphanesi,0212 249 95 65,https://goo.gl/maps/k6RhuzUa1saLorYA8,Tüm ÇEM'lerin açık adresleri: https://yuvamiz.ibb.istanbul/yerleskeler,,
Sultanbeyli,Sultanbeyli Kapalı Spor Salonu,(0216) 564 45 64,https://goo.gl/maps/xqoWM58qJQj7h8sh8,,,
Sultanbeyli,Sultanbeyli Çok Programlı Anadolu Lisesi,(0216) 592 29 53,https://goo.gl/maps/56pVGmV1quAhUd2a8,,,
Sultanbeyli,Ali Kuşçu İmam Hatip Ortaokulu,(0216) 592 88 55,https://goo.gl/maps/EHXdJQ8znELqcP2W9,,,
Sultanbeyli,Sultanbeyli Prof. Dr. Necmettin Erbakan Kültür Merkezi,216 5865737,https://goo.gl/maps/ZZruyyhPjW5Y7qzdA,,,
Sultanbeyli,Prof.Dr. İlhan Varank Kütüphanesi,2164961371,https://goo.gl/maps/Po6RpfuDHs1fbs3j8,,,
Sultanbeyli,Kemal Tahir Kütüphanesi,0216 483 20 86,https://goo.gl/maps/FeeJsJ7amReEPNha9,PENDİK BELEDİYESİ İLE ORTAK ÇALIŞIYOLAR İHTİYAÇLARI BULUNMAMAKTADIR,,
Sultanbeyli,Sultanbeyli İSADEM,,https://goo.gl/maps/iedNYAdxFvAkDBLK6,,,
Sultanbeyli,Akşemsettin İlkokulu,-,https://goo.gl/maps/ySWAYjgm3qCCvxni7,,,
Sultanbeyli,Kaptan-ı Derya İlkokulu,(0216) 592 75 37),https://goo.gl/maps/aztgz3uBm512oeHc7,HERHANGİ BİR İHTİYAÇLARI BULUNMAMAKTA,,
Sultanbeyli,Ahmet Haluk Dursun İlkokulu,(0216) 759 55 44,https://goo.gl/maps/2xaeYct5CGbRjnJT6,,,
Sultanbeyli,Sultanbeyli Çok Programlı Anadolu Lisesi,(0216) 592 29 53,https://goo.gl/maps/2rKM8ogWjffTeNzf6,,,
Sultanbeyli,İTO Şehit Er Dursun Sıvaz İlkokulu,(0216) 487 17 33,https://goo.gl/maps/JguyJWMMyv4w5Nss8,,,
Sultanbeyli,Hüsnü M. Özyeğin Anadolu Lisesi,(0216) 419 33 11,https://goo.gl/maps/kMw2iMNaPtMZZ8wG7,,,
Sultanbeyli,Anafartalar İmam Hatip Ortaokulu,(0216) 398 00 32,https://goo.gl/maps/cVe93VgPFAgcBwyQ9,,,
Sultanbeyli,Ahmet Yesevi İlkokulu,(0216) 398 47 75,https://goo.gl/maps/q1oqx2LowUJtNdz36,,,
Sultanbeyli,Mimar Sinan İlkokulu,(0216) 669 10 14,https://goo.gl/maps/8gMB7eMHCCzoNwz66,,,
Sultanbeyli,Hasan Ali Yücel Ortaokulu,0552 966 48 58,https://goo.gl/maps/QCQUwkiwv2Kp8bZ29,,,
Sultanbeyli,Yahya Kemal Beyatlı M.T.A.L,(0216) 497 30 00,https://goo.gl/maps/HUXGtRBnxiwLnC9a8,,,
Sultanbeyli,Orhangazi Anadolu İmam Hatip Lisesi,(0216) 487 57 09,https://goo.gl/maps/i8nh6eqA7kHnnNS49,,,
Sultanbeyli,Turgut Reis İlkokulu,(0216) 419 23 20,https://goo.gl/maps/cranddeHaDpgQm6U8,,,
Sultanbeyli,Yaşar Paşalı İlkokulu,(0216) 497 31 04,https://goo.gl/maps/6H6TL6EtbnVDFzke7,,,
Sultangazi,Sultangazi Sosyal Hizmet Merkezi,(0212) 650 05 68,https://goo.gl/maps/HVpax6EoR8eNpb6v8,,,
Sultangazi,Sultnagazi Belediyesi Toplum ve Ruh Sağlığı merkezi,,https://www.google.com/maps/,,,Sabah 10 - Akşam 10 çalışıyor
Sultangazi,Özdemir Bayraktar Kültür Merkezi,,,DOLU,,
Sultangazi,Hacı Bektaş-i Veli Kütüphanesi,,https://goo.gl/maps/dmqgurLjEWVfQYJNA,,,
Sultangazi,Ahmed Arif Kütüphanesi,,https://goo.gl/maps/db1hEhVN1rgC5qiz8,,,
Sultangazi,Sultangazi İSADEM,2124593434,https://goo.gl/maps/RCtDWwas1gEPjG5h7,,,
Sultangazi,Sultangazi Sosyal Hizmet Merkezi,,https://goo.gl/maps/DYpYa8ebNoquUkjT6,,,
Teşvikiye,Nilüfer Hatun Ortaokulu,2122474313,https://goo.gl/maps/ejdcrEDGB38QDhJy9,BİTTİ,,
Tuzla,Tuzla Yayla Çem,153 aranarak ulaşılır,Yayla Mah. Bilgenur Sok. No: 3 Yayla / TUZLA İSTANBUL,,,
Tuzla,Tuzla İdris Güllüce Kültür Merkezi,216 5865739,https://goo.gl/maps/mEzkiN8pKuVhsXMr9,,,
Tuzla,İdris Güllüce Kütüphanesi,2165865721,https://goo.gl/maps/rsP3NiXXgNbZW8uH7,,,
Tuzla,Tuzla Yayla ÇEM,ALO 153,Yayla Mah. Bilgenur Sk. No: 3 Yayla / TUZLA,,,
Tuzla,Halk Süt Deposu,,https://goo.gl/maps/aCVpaJARtGaZr8bM6,,,
Ümraniye,Ümraniye Belediyesi Kapalı Pazar Alanı,-,https://maps.app.goo.gl/wL1rijrCSJVzS8kHA,DOLU,,
Ümraniye,Ümraniye Şehit Kaymakam M. Fatih Safitürk Kültür Merkezi,216 5865736,https://goo.gl/maps/tPKAmv4pu2KCnfy6A,,,
Ümraniye,A.Süheyl Ünver Kütüphanesi,2166344422,https://goo.gl/maps/M2fqZGTmHcxUGo749,,,
Ümraniye,Nail-Nimet Bayraktar Kütüphanesi,2163289033,https://goo.gl/maps/jzcWzrAjtkg1ccZs9,,,
Ümraniye,Ümraniye İSADEM,2164208565,https://goo.gl/maps/RaGuqiXsaJJd7cNn9,Personelleri yeterli düzeyden burdan da Yenikapı ve Kartal Lojistike 153 ile yönlendirme yapılıyor. ,,
Ümraniye,Haldun Alagaş Spor Salonu,2165865727,https://goo.gl/maps/Anv5WRAjWVwscJUv9,DOLU,,
Üsküdar,Üsküdar-Çengelköy İSADEM,2165865781,https://goo.gl/maps/jfFMQW5jkqFzMqKm7,,,
Üsküdar,Çengelköy Mahalle Evi,0212 449 74 62,Çengelköy Mahallesi İmamı Azam Cami Sokak No: 10 Üsküdar,,,
Üsküdar,Ibb Anadolu Yakası Sosyal Hizmetler Müdürlüğü,,https://goo.gl/maps/cq2fbfnmAEn7Kjsk8,,,
Üsküdar,Idari Bina,,https://goo.gl/maps/NMSQrCL26Km6V2w76,,,
Üsküdar,Muhsin Yazıcıoğlu Spor Kompleksi,,,YARDIMA AÇIK,,
Üsküdar ,Üsküdar Belediyesi,444 0 875 ,https://goo.gl/maps/cvNGoPP2ZHv96dGC6,DOLU,,
Üsküdar ,Üsküdar Türkan Sabancı görme engelliler okulu,(0216) 651 50 02,https://goo.gl/maps/yrkrhoCGkRK4EMGM7,DOLU,,
Üsküdar ,Çengelköy Mahalle Evi,(0212) 449 74 62,https://goo.gl/maps/jzkMdvktRR8HtSyQ7,,,Gıda
Üsküdar ,Çavuşdere Spor Sarayı,4440875,https://goo.gl/maps/1KAxwVUpWT1akq6a9,DOLU,,https://docs.google.com/forms/d/e/1FAIpQLSdquzlRnWl_ANgsP0en7O4tKn0dQMBzxtBMxUJk5VknUCLSMg/viewform
Üsküdar ,Üsküdar Belediyesi Kirazlıtepe Boğaziçi Yaşam Merkezi,0216 532 53 68,https://www.google.com/maps/place/%C3%,YOĞUN ,,
Üsküdar ,Bağlarbaşı Kongre ve Kültür Merkezi,(0216) 531 30 00,https://goo.gl/maps/sFgfbmVeEdPgqKgS8,8 ŞUBAT GECE 12YE KADAR (9 ŞUBATA BAĞLAYAN GECE) TAŞIMA İÇİN YARDIMA İHTİYAÇ VAR ,,
Yenikapı,İBB Yenikapı Yardım Toplama Merkezi (Dr. Mimar Kadir Topbaş Gösteri Merkezi) (Avrasya Gösteri ve Sanat Merkezi),(0212) 587 38 45,https://goo.gl/maps/m3GsixXMNQgA8jqN7 (YANDAKİ FORMLA GİDİLİYOR),TAŞIMA İÇİN KAS GÜCÜNE İHTİYAÇ VAR,,
Zeytinburnu,Zeytinburnu İSADEM,,https://goo.gl/maps/NkPe1QaeWT4Wtzrg7,,,
Kadıköy,Nazım Hikmet Kültür Merkezi,2164142239,https://goo.gl/maps/9Lna28zqYmzebp3L9,TAŞIMA İHTİYACI VAR,,